Visitor,Occurrences
3 landl 1 handw,189
2 landl,86
leonhard fornaro von langnfee,76
1 handw,56
hr michael kern von bamberg f 3 muff,52
hr mich winckler v schlettingen f 3,40
gilbert de metz,38
hr mich winckler v schleitingen f 3,37
hr brix aus böhmen,36
marmier de geneve,31
brix aus böhmen f 2,29
3 landl,29
hr blumer von glarus,28
3 handw,27
mr chriſtoff caſſi di bergamo f 4,26
1 frankfuhter fuhrmann f 3,26
mr christoff cassi di bergamo f 4,25
carlis de modena,22
2 leipziger fuhrleuth,21
hurter von schaffhausen,20
4 landl,20
6 landl,19
5 landl,19
ein landmann,18
mr fornaro von langensee f 2,17
riedel von iserlohn,16
4 handw,16
1 holländiſcher sergent  8 recruten,15
hr gottfried martin aus böhmen f 2,15
mr barade dauvergne,15
redelmayer hr real von regenfpurg,14
hr benjamin wolff von mannheim f 2,14
sulzer von winterthur,14
7 landl,13
johann stampfer aus tyrol f 3,13
hegner von wintcrthur,13
kühnhold von nürnberg,13
jgfr schweizerin von st gallen,13
dominico pitzala de mylan f 5,13
ulrich wildj v schaffisheim,13
mr jain hr develay de geneve,12
hr berchtold aus tyrol f 2,12
mr cottinj de lombard f 3,12
hr helbling portraitmahler v wien,12
le grand de belford,11
2 landl 2 handw,11
de vermenoux de paris,11
hr martin glashändler aus böhmen f 2,11
cath monge de savoye f 4,11
gwinner von venedig,11
hr augustin steiner aus tyrol,10
jacob nast von heilbrunn f 3,10
pitzala de milan,9
8 landl,9
jgfr gutin von baaden,9
1 handw 1 landm,9
3 brisgäuer tuchhändler,9
vogt hagin von kirchen,9
mr francois monde de nancy f 3,8
françoise dolet de belfort f 2,8
wartmann de morges,8
mr desouslecret de lyon,8
9 landl,8
2 handw 2 landl,8
dürr von strafsburg,8
joh steiger von oberglatt,8
meifner von görlitz in sachfen f 3,8
spengeler von schaffhausen,8
franz wenk von lachen,8
jacob meyer von baltenschweil,8
hr anton stahl von nürnberg,8
mr andré caffati f mr dom pitzala de milan,8
hr brix aus böhmen f 2,8
kraufs virtuos von ulm,8
predari de mylan,8
8 schwab 2 handw,8
4 handw    2 landl    12 schwaben,8
mathieu de marseille,7
2 flaweiler fuhrleuth,7
pierre christian de barcelonette f 2,7
richter burlet von richenburg,7
2 landl 3 handw,7
brix aus böhmen,7
sandtner aus tyrol,7
4 leipziger fuhrleuth,7
mr la pierre d auvergne f 2,7
melchior herner von aelen,7
mr morell de savoye,7
sekelmeifter mayer von arbon,7
carl horret v toggen,7
1 basler fuhrmann,7
predari de milan,7
hugard und sohn von strasburg,7
jac ruthishauser von gütingen,7
2 schwaben,7
5 handw,6
mr jean barade dauvergne f 2,6
beyde von arbon,6
mr pitzala de milan f 2 brix aus böhmen f 2,6
hr guion von bruchsal,6
frau folterin von schaffhausen f 2,6
hr schäffer aus böhmen,6
gebrüder levi von hohenembs f 3,6
gürtler von basel,6
mr christoff casse di bergamo f 4,6
jean billa di bergamo f 2,6
hr akermann von hentſchikon,6
doctor gruber von gaifs f 2,6
le fort de freyburg,6
hoguer de versailles,6
hr schindler von glarus,6
hr meyer von efslingen,6
schindler von basel,6
mr faßanno de lombard f 3,6
jud meyer moos von hohenembs f 2,6
blumer von glarus,6
mr hall mr jacob mr brand chev anglois,6
hr joh schmid von hitzkirch,6
bodmer von wülflingen,6
baron von haller fämtliche von nürnberg,6
pierre concordan de barcelonette f 2,5
hr sekelmeifter mayer hr rathsherr roschach,5
ein flaweiler fuhrmann,5
noel corbassier de savoye,5
3 handw 2 landl,5
mr hanhardt de geneve,5
guillebert mr meuron de neuchatel,5
redelmayer hr real von regensburg,5
1 handw 2 landl,5
jacob ruchishauser von güttingen,5
saxer von arau,5
jacob weber von schaffhausen,5
jacob ruthishauser von güttingen,5
mr fassanno de mylan f 3,5
mr salvador pizzala de milan,5
hr joh merz von kaysersheim f 9,5
hr haubtmann funk von bern,5
mr barade dauvergne f 4,5
fürsprech widmer von sarnentorff f 3,5
hr kreich v tübingen musicus,5
noel corbaffier de savoye,5
joh hitz von chur,5
dominico pitzala de mylan,5
hr joh schmid von hizkirch,5
hr adam heff von heigeloh,5
jacob lieb von bischoffzell,5
doctor körner aus sachsen,5
mr salvador pizzala de milan f 4,5
madm garnier de paris,5
4 landleuth,5
mr pitzala de milan f 2,5
jkr perinj aus bündten,4
jgfr anna maria meyer von lucern,4
1 holländischer recrut,4
ziegler von winterthur,4
antoine faffanne di lucarno,4
baron von holzfchuher,4
ein frankfurter fuhrmann,4
2 herren ehrengesandte von bern,4
jos carl gottlieb von st gallen,4
jkr fenner von mülinen jkr landvogt tscharner,4
sekelmeister mayer von arbon,4
hr schäfer aus böhmen,4
germann beyde von rheinau f 4,4
schuch von saarbrücken,4
freyhoffer von kirchberg,4
1 französischer recroüt,4
jacob fried baltas von biesisheim f 3 musq,4
mr jean barade dauvergne f 3,4
hr firz von tägerfelder f 2,4
probt von bielf f 2,4
schlumberger von müllhausen,4
simon gros de savoye,4
1 landl,4
mufti de turin,4
mr beaud de savoye f 2,4
steger von lichtensteg,4
jacob tömelj von basel,4
hr pater kornherr wandermer hr secretarius,4
ehrismann von büel f 2,4
ein postillion von waldshut,4
trümpj von glarus,4
doctor seeger von tubingen,4
jacob pfund von unterhallau,4
vogtmann von lenzburg,4
mr schmidt de chaigny,4
2 pilger,4
hr joh merz von kayfersheim f 9,4
jacob steiner von donaueschingen,4
jean magnut dauvergne,4
schmid von costanz,4
2 frankfurth fuhrleuth 4 landl,4
heisig musicus aus schlesien f 2,4
veronica frankin aus tyrol f 3,4
gebrüdere levj von hohenembs f 4,4
händel von bozen f 2,4
mr esmenjaud de moulins f 2,4
baron krefs baron von holzschuher,4
rizi di chiavenna f 2,4
mathis hr iselin von basel,4
burkart von richtenschweil,4
rainaldis frerres mr pont de lyon,4
mr de chanteau de paris,4
cath monchon de vevay f 3,4
francois monde de nancy,4
3 handw 3 landl,4
hügenin aelter von müllhausen f 2,4
ein leipziger fuhrmann,4
mr noel corbaffier de savoye f 2,4
hr berchtold aus tyrol,4
critian dubois du languedoc f 5,4
bohne de bienne,4
jgfr gutth jgfr koppin f 4 von baaden,4
syndicus crismar,4
baron krefs von kreffenftein,4
ein zurzacher fuhrmann,4
hr helbling portraitmahler vwien,4
peter greyer aus tyrol,4
hr burlet von reichenburg,4
antoine fallanne di lucarno,3
pierre marnier de geneve,3
meyer von rüti,3
salle de mirecourt,3
4 hilzinger musicanten,3
matheus firter von tittishausen,3
ledergerf vondieffenhoffen,3
joh hiltmeyer aus bayern,3
jacob läubj von sulgen,3
diethelm von lachen f 3,3
mr pitzala  mr caffati de milan f 2,3
fallanne di lucarno,3
esmenjaud de moulins f 2,3
legillons de bruges,3
4 handw 2 landl,3
roux de geneve,3
garnier de barleduc,3
fabry und hr schaz von strafsburg,3
hr döppeler von tägerfelden f 3,3
moser von biel,3
1 kutscher von winterthur,3
fornaro von rapperschweil,3
dominico pizzala de milan,3
bertrand v bischwegler,3
jgfr wetzinger von solothurn,3
tschudj von glarus,3
ein strafsburger fuhrmann,3
3 leipziger fuhrleuth,3
anton stahl von nürnberg,3
hr bethmann hollweg und frau von frankfuhrt,3
1 leipziger fuhrmann,3
hr weinmann aus bayern f 4,3
2 pilger 4 handw,3
nicol zum stein von memmingen f 2,3
mr pizzala de milan,3
mr françois mondè de savoye,3
jacob zohler von oberweil,3
2 landl 1 handw,3
jelin von basel,3
fehr von bern,3
simon cros de savoye,3
robert mr rudolph de barleduc,3
truttmann von schweiz,3
13 schwaben     3 landl,3
bueler von memmingen,3
bayer musicus aus tyrol f 2,3
leonh bruder von raitatt,3
doctor gruber von gails f 2,3
trutrmann von schweiz,3
ognibene mr caffa piccola di pergine,3
12 schwaben 2 handw,3
ein frankfuhrter fuhrmann,3
jacob meyer von gehrweil,3
beyde von winterthur,3
fr rathsherr michlin von glarus,3
baron von haller sämtliche von nürnberg,3
hr elmer von glarus,3
hr mathias sandtner aus tyrol,3
mr bapt widekeller von arbon,3
hr doctor vogel von bamberg f 8,3
wegelin von dieffenhoffen,3
2 landl 4 handw,3
1 frankfurter fuhrmann,3
helbling von rapperschweil,3
zwikj von glarus,3
mr gigot de neufchatel,3
alchimio de neaple,3
wenck von lachen f 2,3
le comte de geneve,3
ein krämer von fusach,3
hr bader v schaffhausen,3
mr morillon de geneve,3
pierre rottignon de verdun,3
jud michel dreyfuſs von endgen f 2,3
5 hilzinger musicanten,3
tanni hr trümpi von glarus f 3,3
hr david gampert von stettfort f 2,3
franz herby aus dem elsass,3
bouscarin de montpellier,3
mad lajard de toulon,3
bachmann von stetfort f 2,3
1 handw 3 landl,3
jos leonti lieberheer von utznach,3
landammann bruj von lachen,3
piere robert de neufchatel,3
rudolf fischer von meisterschwand,3
bidermann de geneve,3
millard de chalon,3
windler von stein,3
joseph preüss von grünstadt f 10 muf,3
hr firz von tägerfelden f 2,3
bonavia mr richelmi de turin,3
burkhardt von richterschweil,3
gebrüdere bell von lucern,3
gebrüdere levi von hohenembs f 4,3
probft von bielf f 2,3
hr joh merz von kaysersheim f 8,3
bertrand de reims,3
mad blasius von rastatt probst von bielf f 2,3
picot dauvergne f 4,3
joh merz von kaysersheim f 6,3
döppeler von tägerfelden f 3,3
fortis de mylan,3
le pouri di arone,3
elifabeth wünfch von weinfelden,3
calandre f 2 di belgirate,3
sr alfari di domodossla f 2,3
hr martin aus böhmen 4 handw,3
brucker von pforzheim,3
le maire de metz f 2,3
hr jacob sigel von eisenberg f 2,3
provent von nekarsulm,3
francois monde de nancy f 3,3
deluze de neuchatel,3
greiner von sonnhardt f 2,3
hr michael kern von bamberg f 3 muf,3
hr merz von kayfersheim f 8,3
muoffer von mülheim,3
mr le ministre gasse mr gachard de geneve,3
hr sayler jkr stockar hr miller v schaffhausen,3
fr fosterin von schaffhausen,3
baldinger von rekingen,3
mr christoff cassi di bergamo f 4 mr gilbert de metz,3
ein burgunder glashändler f 2,3
moser de bienne,3
picot d auvergne f 4,3
hirt von zurzach,3
hr groſſmann von augſpurg,3
hr martin aus böhmen 1 handw,3
mr bapt labhart de savoy,3
madm treislerin von ludwigsburg,3
helena straubin von lachen,3
mr provent von nekarsulm,3
fischer von mannheim,3
hr fürsprech keller von sarnentorff f 3,3
hr joh merz von kaysersheim f 6,3
4 ungarrer 2 handw,3
profeffor steinsky aus prag,3
mr christoff caffi di bergamo f 4,3
bader von schaffhausen,3
landschreiber hegner von winterthur,3
caspar altenegger von wangen,3
mr andré caffatj f 2 de milan,3
hr neuschwald von biel 3 handw,3
zur mühlen hr heinrich hr blanckenhagen,3
hr martin erhardt von mühlhaufen,3
hartmann von lenzburg,3
bellattj von leipzig,3
jud levj von randegg f 2,3
1 landmann,3
hr groffmann von augfpurg,3
brix aus böhmen f 3,3
mr michelletti di bilincona dentift,3
bottino von langensee f 2,3
st galler fuhrleuth,3
carlis de modena hr addè von mannheim,3
greith von rapperschweil,3
jof mathise auguft ord du dauphiné,2
hr bachmann von stettfort f 2 2 landl 1 handw,2
moevikofer v frauenfeld f 3,2
rieber von ebingen,2
engler von sulgen,2
de stoutoni de grison f 3,2
rudolph von zurzach,2
hr joh merz von kayſersheim ſ 9,2
xaverj andreiſlj von steiflingen ſ 5 muſ,2
hr michael kern von bamberg f 3 muse,2
dominico linggi von schweiz,2
hechner von reyh,2
raeft von ertfein,2
dürrmüller von st gallen,2
edelmann von cappel,2
2 herren gaenfle von willhausen,2
mr chriſtoff caſſi di bergamo ſ 4,2
fasane de luggarus,2
1 handw 4 landl,2
michael ekarbt aus tyrol f 5,2
7 klingnauer fuhrmannen,2
gronau candidat von berlin,2
brentano von rapperschweil,2
le comte de pac aus pohlen,2
richard cathol geistl de nancy f 4,2
ein kutscher von haubtweil,2
imsonn aus tyrol,2
bille de montgni capitaine en france,2
wunibald endrers von conftanz,2
wilhelm etter von scherzingen f 2,2
hefftj hr laager von glarus f 6,2
elisabetha weishöpfy von herisau,2
ulrich hauffmann von stekborren,2
schiffmann diechelm von lachen f 2,2
ulrich frommherz von gehrweil f 2,2
hegner hr rathsherr sulzer hr stadtchrb,2
bella von strassburg,2
hr daniel danielis v feldkirch f 2,2
magdal keller von baaden,2
mr bastard de straßburg,2
hr pater wandermer von rheinau f 3,2
hr grossmann von augspurg,2
jacob hunziker von lenzburg,2
ruthishauser von bottikoffen,2
muoser von augen,2
2 schmelker schiffleuth,2
hr meyer von bern,2
oberpfleger witzigman beyde v constanz,2
hr chaam f 8 von glarus,2
4 ungarrer,2
schwarzenberger von lucern f 2,2
hennig de neufchatel,2
lozbek von straiburg,2
michel grüniger von lachen f 4,2
bühler von glarus f 2,2
spengeler von arau,2
fuchs von lucern f 2,2
le marquis cingalinj de mylan,2
haufeler hr stähelin von basel f 2,2
xaverj schweitzer von wurmlingen f 2,2
jmhoff v bremgarten hr unterkircher v tyrol,2
baron tschudj von zurzach,2
jacob ammann von herisau,2
hr joseph schmid v hizkirch,2
fehr von frauenfeld,2
maria bringmann von weiblingen,2
stoll von pfeffenhoffen,2
georg berringer von hagstetren,2
hr marc schweikofier von augfpurg mufi,2
fried herbst von gechingen,2
amtm helbling hr stadtschrbr breger v rappersch,2
huber von diessenhoffen,2
hr elmer hr luchfinger f 3 von glarus,2
pfr eglinger und frau usohn,2
hr bernhardt weber von schaffhausen f 2,2
ein st galler fuhrmann,2
mr delosea de morat,2
brix aus böhmen f 2 5 muficanten,2
1 schwab    4 handw    4 landl,2
joh traber von frauenfeld f 3,2
hr lucas beutel von altftetten,2
2 französischer recroüt,2
elisab kreiner von speicher,2
andreas uel von oettingen,2
rietter von winterthur,2
madm trefslerin von ludwigsburg,2
theresia schweitzer von wurmlingen f 2,2
mr borell de geneve hr iselin von basel,2
spiegel von rapperschweil,2
hr layer von colmar f 2,2
procurator locherer von frauenfeld,2
mr michelletti di bilincona dentist,2
hr zopfi f 6 von glarus,2
kübli von glarus,2
1 landl 1 handw,2
de larozierre damiens,2
claube toutlieu de st etienne,2
2 schwaben 2 handw,2
legler von glarus,2
georg grill von ehingen,2
4 landl 1 handw,2
fassanno de siena,2
landvogt henry aus bündten,2
hr tschan von lucern,2
hr joh friedrich tschiffeli von ebingen,2
ulrich fehr von duttweil f 2,2
schär von münlisweil,2
hr martin glashändler aus böhmen,2
wenck hr zurcher von basel,2
voltz von frankfuhrt,2
amts schultheifs hegner hr rathsherr,2
curchot de geneve,2
mival de genes,2
hauptm bar v rothenthal in kayf dienften,2
amb anfelmalz von dillingen,2
michelletti di bilincona dentist,2
wolf von mülhausen,2
jof stirnimann von rheiden f 2    4 landl,2
dominico pitzala de mylan f 3,2
lötzleck von lahr,2
mr andré caffati f 4 de milan,2
wydemann aus tyrol,2
marianne mofiner v schafhausen 6 landl,2
xaveri schweitzer von wurmlingen f 2,2
joh heuffler von rapperfchweil,2
mouguet de besançon,2
jacob peter von frauenfeld,2
hr real hr rädelmayer von regenburg f 2,2
krauss virtuos von ulm,2
theiler von lachen,2
rofina steinerin von balingen,2
ammann keffelring von märftetten,2
g gaud de neufchatel,2
hr däppeler von tägerfelden f 3,2
mathias steiger von flaweil,2
faßanne di lucarno,2
hr joh jürg von munterkingen f 4,2
gebrüdere bel von lucern,2
landammann gachet von frauenfeld,2
hr brünelli hr wenk von lachen,2
hr mettich von straßburg,2
ikr obervogt balthasar von griesenberg,2
schultheifs hefsling    hr stadtfchreiber brettr,2
hr jof eichinger aus der pfalz,2
hr eggertscheiler von wangen,2
rathsherr mäschly von murj,2
jofeph egglj von mümlischweil,2
hr franz schmid aus entlibuch,2
cathar roingerin von solothurn,2
ambühl von wattweil,2
joh von guthen von thun,2
roux mr gutta de geneve,2
georg geng von betterkingen,2
ursula büchlj v bözberg,2
gürter von basel,2
jacob jude von balingen,2
3 schwaben 6 landl 1 handw,2
michel meyer von winterlingen,2
rudolf leser von guntzchweil f 2,2
hr kielmann hr schwarz von müllhausen,2
ritz von st gallen,2
schultheiss fehr von frauenfeld,2
de michel mayor en france,2
r joseph huber von gehrweil,2
bindler von schwäbischgmünd,2
r perrola de savoye f 2,2
hr meyer von lohr,2
susanna jacobin aus dem elsaß,2
wolfgang saurer aus bayern f 2,2
payer von bamberg f 2 muse,2
böhm regim feldwaibel vom regim v muralt,2
cortj salz factor von waldshut,2
heinrich jellsperger von müllhausen f 2,2
lumpert federen händler aus tyrol,2
hr rathsprocurator steiner von winterthur,2
fehr von brugg,2
paffavant hr stern von franckfurt,2
rudolf schlatter von fahrwangen f 2,2
schneider von st gallen f 2,2
rabal citronen händler von dietikon,2
2 turgäüer 3 handw,2
ledergerf von dieffenhoffen,2
pierre marmier de geneve,2
antoine fallame di lucarno,2
hr ott hr luchtinger von glarus,2
joseph witha de mylan,2
pater brunner von wurmspach f 2,2
heinrich friederich von müllheim,2
andreas zulph von tägerfelden,2
mr salvador pizzzala de milan,2
jacob meyer aus dem münsthal f 2,2
ein salz fuhrmann von klingnau,2
3 muficanten aus dem schwabenland,2
mr noel corbassier de savoye f 2,2
jud meyer von hohenembs f 5,2
ulrich zellweger ab gaifs f 2,2
lagger von glarus f 4,2
gottlieb ziegler von backenheim,2
hr mich winckler v sehlettingen f 3,2
frz ant dill von schafhausen,2
margaretha folter von chur,2
anna maria meyer von lucern,2
lüttj von bern,2
joh baptift calandre de valais f 2,2
6 handw,2
joseph arnaud de savoye f 2,2
hr jacob nägelj von atnau f 2,2
1 capaunen haendler von besançon,2
beutlin von brugg,2
antoine passanne di lucarno,2
2 handw 6 landl,2
margaretha meyer von ravenspurg,2
ferdinand schaub von augspurg f 2,2
ulrich wahrenberger von wigoldingen f 2,2
caspar rieber von ebingen f 3,2
joh fischlj von dieffenhoffen s 3,2
osswald weber von menzigen,2
jean veulpillier de savoye f 5,2
hr streutacher von engl,2
hr schmid von stein,2
joh jacob dümerj von basel,2
hänzel aus sachsen,2
morell de savoye 2 landl,2
hugenin aelter von müllhausen f 2,2
joachim geyger von st gallen f 2,2
3 landl 4 handw,2
weiffenbach aus tyrol,2
heinrich hornspan aus weftphalen f 2,2
hr jostliner von hochdorff f 2,2
2 st galler  1 basler fuhrmannen,2
buschenftein von stein f 2,2
menoth de strasburg,2
fornassier de neuchatel,2
hirnel aus dem elſaſſ,2
schlatter von st gallen,2
naeff von altstetten,2
mr calandra de turin,2
moſſu de troyes,2
bonafout von waldtshut f 2,2
hr michael greis von hornhaufen,2
mr pierre rottignon de verdun,2
anton michler von lachen,2
rudolph von zurzach f 2,2
fried vogelsang aus dem vogelsang,2
hr akermann von hentschikon,2
mr andre caffatj f 2 de milan,2
mr andre cassati f 2 de milan,2
cornelius angftmann von berikum,2
huffschmid von niderweil,2
1 glas fuhrmann aus dem schwarzwald,2
jacob böcklj von frauenfeld,2
jacob graffel von augfpurg,2
fisch von herisau f 2,2
hr werner von ebingen f 3,2
jean pierre pfalz von zweybrüken f 3,2
sigmund hoffstetter von reutlingen f 2,2
friederich starr von grechingen,2
hr reheiss aus tyrol,2
hr abraham wehrli von schaffisheim,2
dupleffy de strasburg,2
andreas treiler von strasburg,2
jacob engeler von st gallen,2
hr wepfer von dieffenhoffen f 4,2
mr andré cassati f 4 de milan,2
mr dubois de lausanne,2
hr keusch von merischwanden f 2,2
rathsherr grob hr doctor wirch v liechtensteg,2
meyer von lenzburg,2
2 handw 4 landl,2
hr fischli von diessenhossen f 3,2
büchler von lucern,2
gebrüdere beck von augstahl,2
hr sekelmeister singer hr schultheiß ezweiler,2
stadtschreiber peter hr hauptmann bühl,2
conrad schmid sämtliche von stein,2
jacob naff von heilbrunn f 3,2
hartmann von st gallen f 2,2
procurator fehr von frauenfeld,2
hr stähelin von basel,2
ein hechinger fuhrmann,2
jennj von glarus,2
le conseiller chollet de fryburg,2
hr hessig von glarus f 2,2
hr felix schmidhauser von haubtweil,2
ulrich dietrich von eichberg f 2,2
hr thomas kellart von genff,2
dürr hr hofmann von straßburg,2
4 strasburger fuhrmann,2
vit schmid von bublikon,2
hr jacob berner von lenzburg f 2,2
mr christoff caffe di bergamo f 4,2
mr esmenjaud de moulins f 2 dolle de grenoble,2
berta di belgirate,2
sulzer von basel,2
gerichtsherr brutel von schaffisheim,2
waldstühl von murj f 2 4 pilger,2
hr benjamin wolf von mannheim f 2,2
jos besognier dauvergne,2
14 schwaben 11 landl,2
rupp von stuttgardt,2
weissenbach aus tyrol,2
iselin von basel,2
mourgain de nancy,2
8 landl 1 handw,2
hr greiner von sonnhardt f 2,2
pelegrin de lyon mr lesouef de paris,2
spengler mr hardtmann von lenzburg,2
12 pilger 2 handw,2
hr gebrüdere zum stein v augftahl,2
sulzer von bafel,2
buffe de chalons,2
esmenjeaud de moulins,2
mr le maire de metz hr freyhofer von kirchberg,2
gallier commissaire general de paris,2
grubemann von wettingen,2
tanner von herifau,2
caspar bläsy von glarus,2
anton mächler von altendorff,2
2 handwerker,2
bourgeois diverdon,2
dolle de grenoble,2
borazeo et hoffman von bamberg,2
1 schaffhauser fuhrmann,2
3 landleuth,2
albrecht von genf,2
conftanson mr sanders anglois,2
rudolph bifer von teuffen zellweguer ab gails,2
nännj von herisau,2
albrecht neumann von gloggau f 3,2
hr knufs von winterthur,2
hr jos eggetschweiler von wangen,2
8 schwaben,2
stoll von diefsenhofen,2
leonij suis aus dem entlibuch,2
joh riis von saralben im nassauischen,2
heinfee von düffeldorf,2
noel corbaffier dauvergne,2
ein frankfurter fuhrmann f 2,2
mauritz schächter von altstätten,2
mr maurice mr rignon mr bock de turin,2
mr pascal de bourgogne f 2,2
4 landl 2 handw,2
mazzachelli di gallaretti,2
carlis de modena hr adde von mannheim,2
hr gros von zurzach,2
bederach di chiavenna,2
leonhardt von müllhausen,2
faut von saarbrücken,2
bächtel hr habicht von schaffhaufen,2
hr baron von brandes von hanover,2
bieler von memmingen,2
dollfus rysler von mühlhausen,2
mr raymond kapt hr hanhardt de geneve,2
albrecht mr joly mr de thourres mr lullin,2
bader von schaffhaufen,2
baron von haller fäntliche von nürnberg,2
uhlmann von feurthalen,2
dienast von basel f 4,2
hr kühnhold von nürnberg,2
schufelhofer von alterschweilen,2
5 brisgäuer tuchhändler,2
jaques chanal de befancon,2
albrecht mr john mr bodier de geneve,2
wunshold von straisburg,2
mr delosia de morat,2
arnaud de turin,2
rathsherr ott von schaffhaufen f 5,2
françois monde de nancy f 2,2
ein thurgäuer,2
robin de laufanne,2
cath kellerin von rheinfelden,2
1 französischer sergent  2 recrouten,2
wagner von triefte,2
anton calpino di domodofola f 2,2
et mad maurice von strasbourg,2
4 zurzacher fuhrleuth,2
mr ambrof seretto de milan f 2,2
baron krefs baron von holzfchuher,2
reinhard von wangen,2
mr aubertin de luneville,2
mr collon mad mignon de barleduc,2
3 landl   1 handw   3 pilger,2
kieser von lenzburg,2
cafpar lübfch von glarus 4 landl,2
franz kurtz aus landegg,2
hugenin aelter von müllhausen,2
mad probt von biel,2
7 handw,2
2 landleuth,2
marcer de meziere mr pion de befanson,2
schwanen 5 landl,2
ryhener hr le grand und frauen von basel,2
perutty de turin mr bono di belgirate,2
mr faffanno de mylan f 2,2
pfarrer russenacht von liechtensteg,2
hr chriftian haag von augfpurg krämer,2
hr ziegler von winterthur,2
jac ruthishaufer von gütingen,2
meyer von hohenembs f 3,2
beker von glarus,2
gallot de soleure,2
berta di belgirafe,2
richelmi mr bock de turin,2
joly de geneve,2
hr koch von dieffenhoffen,2
1 landl 3 handw,2
undervogt müller von schmerikon,2
grüttert von keffikon,2
2 kutscher von morsee,1
mr simon gros de savoye,1
fridrich stadler von stuttgardt,1
mr andreas caliatj de milan,1
meinrad wattenhofer f 5 von lachen,1
hr pfau und deffen frau von schaffhaufen,1
jgfr gutin von baden,1
andreas hausler v wattweil,1
jgfr elsbeth heller von winterthur,1
jacob scherzinger von utweil,1
rebattu de dyon,1
4 französische recreut,1
4 lbndl,1
frau fosterin von scheffhausen,1
hr hegner von winterthur         hr schweizer v lachen,1
joseph keller von endigen,1
dorothea eiberching von erlang,1
iseli hr marty von glarus,1
mr christoff cassi di bergamo f 4 mr gibert de metz,1
7 landl 4 handw,1
3 holländische sergeant 1 rerouten,1
mazzachelli di gallazeth,1
jacob sigel von isenberg f 2,1
hr hüttenrauch von lucern,1
hanhardt von diessenhoffen f 2,1
schilplj von brugg,1
marianne huber von bremgarten,1
margaretha schmid von weilhausen,1
paer ignatzi von mindelheim,1
3 schwaben 3 landl,1
hr merz von kaysersheim f 8,1
jgfr anna maria rudolfin von gelterdingen,1
jacob zehner von hundweil,1
stephan schneider von hindelbank f 2,1
conrad tanner von herisau f 2,1
hr jacob meyer von ravensburg,1
hr martin aus böhmen,1
rodelmayer hr rool von regensburg,1
hr jacob sigel von isenberg f 2,1
11 landl 1 schwäbin,1
brx aus böhmen f 2,1
ein tuchhäendler ein gersten mann aus breisgau,1
di lechi di milan,1
brodbeck von lichtftahl,1
pottin k lian mr bonafout von waldshut,1
ein kutscher von roschach,1
7 landl 3 handw,1
laurenz engweiler von st gallen f 2,1
ducret von bremgarten,1
mr andre cassati f 2 mr pitzala de milan,1
mad blaſius von raſtatt probſt von biel f 2,1
3 handw 1 landm 1 schwab,1
franz kurz von igstahl,1
12 landl 1 handw 1 schwab,1
1 st galler fuhrmann 1 handw,1
1 fuhrmann von brugg 31 landl,1
postmeister kahlj von einsislen,1
steiner von winterthur,1
jkr von wattenwyl von bern,1
isaac kyburz von aerlispach f 2,1
joh sigerift von lucern,1
bapt marrer von eschenbach,1
hr mich winckler v sehleitingen f 3,1
francois monde de nancy f 2,1
hr offenbach von zug hr imhoof von bremgarten,1
weber hr iselin von glarus f 4,1
caspar schmid von chaam,1
3 schwaben    10 landl,1
jacob nast von heilbronn f 3,1
mr andré cassarj f 3 de milan,1
12 schwaben 6 landl 3 handw,1
schaub von etzkirch,1
mr jean barade d auvergne f 2,1
hr gaudard von bern,1
hr conrad zellweger von teuffen f 4,1
mr andré caffari f 3 mr pitzala de milan,1
weber von glarus,1
mr chriffoff caffi dibergamo f 4,1
5 landl 1 handw 1 schwab,1
françoise dolot de belfort f 2,1
barbara ulrich von steckborren 4 landl,1
elif boltschhauser von bonau,1
anna müller von alterschwellen,1
daniel gottlieb werner aus schlefien,1
jacob nater von mannenmülli,1
jfri baumann von effendorff,1
anton saxer von sarnendorff f 2,1
mr andreas cassatj de milan,1
8 schwaben 16 landl,1
jacob grassel von augspurg,1
hr merz von kaysersheim f 3,1
4 handw 2 landl 18 schwaben,1
christina sägin von richenau,1
2 landl 3 bilger,1
jacob naft von heilbrunn f 2,1
joh schweitzer von griesenberg f 3,1
morell de savoye 3 landl,1
michael fischer von bernhausen f 2,1
4 franzöſiſche recrut,1
mr chriſtoff caſsi di bergamo f 4,1
1 schwab 8 landl,1
jacob tünelj von basel,1
mr andreas caſsatj de milan,1
hr merz von kayſersheim f 8,1
redelmayer hr real von regenburg,1
näff von brunnaderen,1
7 landl 1 handw,1
vonweiler von st gallen,1
1 holländ soldat,1
mr andreas caffati de milan,1
hr wilk von schinznach mr fornaro von langenfee,1
piach de milano hr lielin von schaffhaufen f 4,1
hänzel aus sachsen 12 landl,1
tobler von flach,1
23 landl 7 pilger,1
1 brisgäuer tuchhändler,1
morell de savoye        2 landl,1
1 französischer recrut,1
gömenisch aus bündten f 5,1
jacob hunkeler von altishofen f 3,1
undervogt gaillmann von wollenschweil,1
mr andreas caffatj de milan,1
4 landl 3 handw,1
mad blaſius von raftatt probſt von bielf f 2,1
mr fornaro von langenfee,1
morell de savoye 6 landl,1
joh hafer von bottikoffen,1
1 landl 3 schwaben 1 handw,1
12 schwaben 3 landl,1
2 handw 3 landl,1
lieut uhr von meling n   4 recrouten,1
botino von langensee f 2,1
ein frankfuhrter fuhrmann ſ 2,1
antoine faßanne di lucerno,1
5 holländische recroute,1
fünf leute von leipzig,1
mr franz croffe de soleure,1
1 handw 6 landl,1
1 holländischer recroiut,1
düppeler von tägerfelden f 3,1
albrecht felmann von glarus,1
3 handw 2 landl 4 schwaben,1
hauptmann luxinger von neftl,1
4 handw 6 landl 4 schwaben,1
14 schwaben 3 landl 2 handw,1
heinrich jesisperger von müllhausen f 2,1
hr adam heff von heigcloh,1
bonavia de turin,1
anna maria starkin von kaufbayern,1
amtsb von leipzig,1
1 holländischer recrout,1
2 herrn tschudi hr tschudi v von glarus,1
martin von metz ant welpomer von botzen,1
fr michael kern von bamberg f 3 müße,1
jacob metzger von flaweil,1
leonhardt iffer von wollen,1
anton hecht von tuttlingen,1
hr schwartz von winterthur f 2,1
1 holländischer recroút,1
labhardt von steckborren,1
schwendbühl von lachen f 2,1
georg widmer von alpnau f 2,1
2 landf,1
jgfr schmid von brugg,1
bortino von langensee f 2,1
5 handw 5 landl     2 schwaben,1
hr fridr kull von othmarfingen,1
caspar barroc aus bündten,1
carlo calvin von langenfee f 3,1
zandel von taegerfelden,1
ignatz müller von colmar jab biber von glarus,1
ochsner von schaffhaufen f 5  9 recrouten,1
2 hollaendischer recreut,1
mr berchold aus tyrol f 2,1
hr juftinus dietr kühl von isnach,1
leontj hitz aus dem sigenthal f 2,1
hr michael kern von bamberg f 3 mußc,1
2 handw 5 landl,1
1 neapolitanischer recroút,1
andreas zölpli von tägerfelden,1
fidel leu von näfels,1
joh tomman von st bläsi,1
2 handw 2 landl 2 schwaben,1
fridolin ulrich von schaffisheim,1
hr schmid von hizkirch,1
mr de thournes mr lullin mr boizier,1
philliph heinrich von genf,1
mr raymond mr hanhardt de geneve,1
meyer  lechfeutener von landegg,1
berch old aus tyrol f 2,1
hr mich winckler v schleitingen f 2,1
obrift von miller in neapolit diensten f 3,1
2 holländische recrouten,1
2 schwaben 8 landl 1 handw,1
4 handw    6 landl    3 schwaben,1
clemens oberwalder aus tyrol,1
le comte de montbelliard  2 damen aus dem elsafs,1
georg roth von oberdiggersheim,1
le chanoine de billieux von zurzach,1
wunschold von strasburg,1
hr düppeler von tägerfelden f 3,1
hbtm studer von luzern,1
joh hagg von frauenfeld,1
ant zum bühl von et ischweil,1
michael beüttler von auw,1
antoine fallaine di lucerno,1
besan de neuchatel,1
paßavant hr stern von franckfurth,1
sämtl che von leipzig,1
joh christ ziegenhain aus sachsen,1
1 holländischer recreut,1
joseph hänssler von einsidlen f 2,1
leopold ringold von constanz,1
jgfr gurin von baden,1
pierre matmier de geneve,1
sandauer aus tyrol,1
georg müller von pressburg,1
jac ruthishauler von gütingen,1
hr reday von stuttgardt,1
reinhardt von winterthur,1
vincent cufter von wurmfpach,1
kaelj von einfidlen f 2,1
mr chriftoff caffi di bergamo l 4,1
2 handw  5 landl  2 schwaben,1
5 pilger 2 handw,1
hr martin aus böhmen 7 handw,1
heinrich jäderspang von müllhausen f 2,1
jkr oberherr von wildeck und frau,1
hauptmann steiger in holländ dienften,1
hr zacharellj von augstahl,1
heußler von bafel,1
françois monde de nancy f 3,1
math frey von strasburg f 2,1
joseph preisli von grünstadt f 6,1
jgfr urfula zieglerin von memmingen,1
peter schwarzach von altingen,1
franz anton becklj von feldkirch,1
mr pizzala de milan f 2 brix aus böhmen f 2,1
5 handw 2 landl 2 schwaben,1
3 salzfuhrleuth aus lothringen,1
schacher von rheinfelden f 2,1
lieut von haitz vom kayserl regim berger,1
camerrath schmidt von tiengen f 3,1
sigler von küßnacht,1
chaam von kirizen 24 pilger,1
mr bono di belgirate,1
hr beutler von schongen,1
bottmann von lucern,1
billet mad de ferret aus dem elsaff,1
kreff von solothurn,1
hr caspar natter von frauenfeld f 2,1
hr merz von keysersheim f 8,1
4 handw         26 schwaben,1
caspar hirzel von dietikon,1
caspar werther v zug f 2,1
sulzer hr ernst hr hegner u frau v winterthur,1
joseph kramer von st gallen,1
mr christoff cotti di bergamo f 4,1
bühler aus dem schwarzwald,1
winsch aus böhmen,1
sr alfari di domodoffola f 2 calandre f 2 di belgirate,1
frau folterin von schaffhausen,1
mr le ministre gille mr gachard de geneve,1
kauffmann u frau v wintert herold von lörach,1
jean jaques rofe de befancon le pouri di arone,1
7 pilger 5 landl 1 handw,1
mazzachelli di gallazetti,1
gutroff von neuburg,1
jud hirschel von endigen f 2,1
sulzer hr von der mühl von bafel,1
bernoulli und hr davidt von bafel,1
hr martin hermann von tübingen,1
regierungs ht real von regenspurg,1
3 handw 7 landl,1
helbling portraitmahler vwien weber von glarus,1
frey hr schnell von basel,1
ein frankfurter fuhrmann 5 landleuth,1
1 holländischer recroüt,1
georg schärrer von einfidlen f 2,1
vogt von lachen f 2,1
laager f 2 hr tschudj von glarus f 4,1
jgfr maria magdalena schnebelj von stein,1
pierre bernard de mylan,1
7 pilger,1
1 schwab 1 handw,1
braun von kehl,1
morell de savoye,1
hr landammann mary von glarus,1
peter blank von bregenz,1
samuel glaud von lenzburg,1
hr isaac ab der halden von cappel,1
mr piano di belgirate,1
joh bürgy von waldsnut,1
jacob hafker hr knauff von winterthur,1
joh wyler von schwenigen,1
martin briner von mörikon,1
jof keil von neuhaufen bey stuttgardt,1
nicolaus liebling von karftadt 1 handw,1
8 laudleuth,1
schiess von herisau,1
jacob bühlmann von heffendorff f 4,1
balthasar rütimann von guntelingen f 2,1
laager f 2    hr schönenberger von glarus,1
christofero levi von hohenembs f 4,1
elisabetha krämerin von st gallen,1
felix schmid von büblikon,1
mr cottinj de lombard    hr schmid v constanz,1
hensler von basel,1
kapf hr hanhardt de geneve,1
rudolph f 3 von zurzach,1
hr conrad hirzig von büren,1
barade 2 schwaben 3 handw,1
6 leipziger fuhrleuth,1
arnold de lorraine,1
jacob diethelm von weinfelden,1
maria schmidt von billingen,1
hr lang von zofingen,1
joh wehrli von entweilen,1
conrad göz von neunforn,1
heinrich kreisel von nassau igstein,1
joh merz von kaysersheim f 4,1
hr lieutenant pfister von klingnau f 2,1
georg seiler von triboldingen,1
rigaud avocat de geneve,1
riedel von iserlohn hr busch vo basel,1
marx ribj von etmatingen f 2,1
kauffmann von regenburg,1
mr andré caffatj dom pizetti f 3 de milan,1
mayor tschudj von glarus,1
pfr falkeifen nebft frau und sohn beide von bafel,1
averj schweitzer von würmlingen f 2,1
hr joh merz von kayserheim f 9,1
1 schwab 1 handw 2 landl,1
mathias schmidlin von hapingen f 2,1
kirchhoffer hr weniger von st gallen,1
hr landtrath wirth hr rathsher grob v liechtensteg,1
michellettj di bilincona dentist,1
jacob hegnauer von seengen 2 landl,1
joh koch von sarnenstorff f 2,1
6 musicanten 1 handw 2 landl,1
cath monge de sivoye f 4,1
salome schmid von arau,1
martin tempel von basel,1
jgfr anna maria meyer von luzern,1
guyette mr mollar de lyon,1
hugenin aelter von mühlhaufen,1
fourrier de befanson,1
thirion de paris,1
riedel von iserlohn mr fortis de milan,1
9 landl 4 handw,1
ant vetterij von mundeisingen,1
lieut uhr von melingen 9 landl,1
hr schneider von entlibuch,1
lucas beutel von altltetten,1
jacob fried baltas von bietigheim f 4 mufi,1
mr faffanno f 4 mr dorell de mylan,1
joseph milego de neaple,1
christ sigmund von tübingen,1
doreil de mylan hr reiclj von klingnau,1
michellettj di bilincona dentini,1
5 landl 4 handw,1
8 schwab 4 handw 5 landl,1
kübler jgfr zornin von schaffhausen f 2,1
mr la pierre dauvergne f 2,1
xaverj schweitzer von wurzlingen f 2,1
2 handw 4 landl 20 schwaben,1
mr michelletti di bilinzona dentist,1
gyr de neufchatel hr näff von bremgarten,1
weniger von st gallen hr huny v strassburg,1
fassanno de siena mr mullj de turin,1
fortis de mylan mr mival de genes,1
gryssinark von regensburg,1
ryhener mr miller von basel,1
adam diethelm von weinfelden f 4,1
johannes biler von immenftadt,1
verena näff ab dem ebnat,1
damion oberhauser von guttenzell f 2,1
anton imhooff von bremgarten f 4,1
joseph guybert von wildhausen,1
fried chrift durft von bischoffzell f 2,1
mr andré callatj f 3 de milan,1
hr joh merz von kaylersheim f 9,1
hr georg berrer von augfpurg,1
mad boursiere de paris,1
ant knobel von altendorff f 4     7 landl,1
hr schindler von glarus     ant türkj v roschach,1
cappel von frauenfeld    omli von stans,1
amtmann oftwald von schaffhues n,1
laager von chur f 8,1
rühnhold von nürnberg,1
mr andre caffati f 3 de milan,1
12 schwab     1 handw     4 landl,1
sigfried von zofingen,1
johannes tödtj von altstatten,1
anton meyer aus dem entlibuch,1
fähndrich pfifter von klingnau,1
hr archivarius schickardt von stuttgardt,1
pater mayr pater teth auguftiner ord von conftanz,1
frido hertenftein von rofchach,1
6 handw 2 landl,1
hr sulzer von lausanne,1
probit de bielf f 2 mad blafius de raftatt,1
3 musicanten,1
hr xaveri kopp von münfter,1
baltensperger von basel,1
fassano de siena,1
miyat de genes,1
michelletti di bilinzona,1
emanuel dionif berber de fort louis f 2,1
horath clays von winterthur,1
doctor rohpletz von arau,1
micheletti di bilincona,1
hr simon kaisenheimer von solothurn f 2,1
hr fried gottlieb iselin von winterthur f 3,1
withon carol geistl von constanz,1
pierre mathé de neufchatel,1
6 musicanten von baaden,1
mr andré caffati f 3 de milan,1
mayor rotipletz von arau f 3,1
forti de mylan,1
lucas beutel von alftetten,1
2 landlenth,1
mad marianne blafius de raftatt f 2,1
hr zopff f 6 von glarus,1
fr fofterin von schaff haufen,1
ein bedienter von hrn baron v ufkiel von stuttgardt,1
roffel de neufchatel,1
toison de venise f 2,1
ortloff von magdenburg,1
meyer von steckboren,1
hr kauffmann von ehingen,1
audi de turin hr himly v strasburg,1
boffet mr otterwald de neufchatel,1
zwerch d ukraine,1
schelling von altorff,1
richter müller von glarus f 2,1
ender von altstetten    12 landl,1
jacob hartmann von schüpfen,1
fehr hr beck von brugg,1
georg schuhmann von gengen,1
mulli de turin,1
9 schwaben    4 landl    2 handw,1
meinrad oechslin von baaden,1
stähelin hr wetter von st gallen,1
rebattu de verfailles,1
bernold marfch dauvergne f 2,1
veit schmid von bübikon,1
ehrengesandte von glarus,1
cislago di verona,1
profeffor stähelin fämmtlich von basel,1
pfr falkeisen nebft frau und sohn,1
obrift eglinger,1
rathsherr faefch hr faefch,1
geelwin von amfterdam f 4,1
meifsner von görliz in sachfen f 3,1
bernold marich dauvergne f 2,1
anfelme de lyon,1
franz kurtz von landeeg,1
hr schneeli von glarus,1
1 handwerker,1
arnold holftein von neuburg,1
ein glashändler aus dem schwarzwald,1
marianne meimoud von landau,1
sufanna strikler von glarus f 2,1
anna maria kleinin von wefen f 2,1
jgfr ellfabetha rieggi von efchenbach f 2,1
joseph simon de nancy,1
berteaud mr simon de chalon fur sonne,1
dorell mr raffanno de mylan,1
frau fofterin von schaffhausen f 2,1
maranne bergerin von stauffen f,1
joseph mäntelj von münlisweil,1
fraulin de schmidt von bözftein f 2,1
hr frölich von brugg,1
ein kutscher von zug,1
guttmann von dettingen,1
mr delofia de morat,1
mr michellettj di bilincora dentilt,1
4 tyroler 4 landl,1
hr wolfgang wichser von glarus,1
jacob fried baltas von bietigheim f 4 musi,1
mufli de turin,1
dorell de mylan,1
marc schweikosler von augsburg f 4 mufi,1
brenner von weinfelden,1
2 ungarrer 2 handw,1
küntzli von winterthur,1
ziegler von schaffhausen,1
häussler hr feyrabend mahler von basel,1
beyde von liechtensteg,1
landrath haubtm wirth hr rathsherr grob,1
joseph morretti de grison,1
billweyler von st gallen    3 schwaben,1
fortis de mylan hr färber von mellheim,1
hr kieffer von mariakirch,1
hr martinglashändler aus böhmen f 2,1
jacob heer von st gallen,1
gaudy de rapperschweil f 2,1
joseph sala di barba,1
marianne schopin von st gallen,1
5 landl 2 handw,1
jacob fried baltas von rüdesheim f 5 muf,1
gavrati di lucarno,1
martin kuhnz von maynz,1
3 mulcanten 8 ländl 1 handw,1
judith wildin von st gallen,1
kuster von baaden,1
hr zopf f 6 von glarus,1
musli de turin,1
manella de grison f 5,1
grüttert von keftikon,1
mr delolia de morat,1
5 landl 3 handw,1
fried rutschica von stauffen f 2,1
hr zopfi f 2 von glarus,1
jacob fried baltas von bietigheim f 5 mus,1
rudolff von zurzach,1
ambrofius zambonj de mylan,1
sulzer von winterthur f 2,1
michael kern von bamberg f 3 muf,1
mr andré cassatj f 5 de milan,1
bella von strafsburg,1
heinrich binninger von mariakirch,1
probst von bielf mad blasius von rastatt,1
ferdinand keller von frauenfeld,1
heuſi von müllhorn,1
ulrich freußer von glarus,1
caspar ehrismann von zug,1
hr jennj von glarus,1
mr horret von toggen,1
jud levi von randegg f 2,1
michael kern von bamberg f 3 muß,1
paeffler von schweiz,1
jacob chaam von kirizen,1
hr dödj von augstahl,1
2 mann von königsfelden,1
sayler von straßburg,1
hr großmann von augspurg,1
hr conrad gaul von steckborren,1
charles la pierre de copet f 4,1
hr niclaus schneider von fischingen,1
hr neuweiler von frauenfeld f 2,1
mr bastard de strassburg,1
heinrich müller von lenzburg,1
marrocci de milan,1
jacob bosshardt von othmarsingen,1
hr mich winckler v schledingen f 3,1
caspar eglj von chur,1
jos frey von münchweilen,1
samuel fischer von arau,1
hr elias goldschmid von winterthur,1
balzet mr maganza mr bock de turin,1
2 leipziger fuhrleuth 6 landl,1
riedel von is rlonn,1
dely de constance,1
hr hartmann von maron,1
maurer von schaffhaufen,1
thomas schaetti von lachen,1
michael kern von bamberg f 3 musi,1
hr bürkly von brechthal,1
mr andré caffati f 5 de milan,1
hr huber von dieffenhofen,1
berteaud mr simon de chalon sur seaune,1
legler von glarus f 4,1
hr forrer von liechtenfteg,1
hr casper willj von villmergen f 2,1
müller kümmj von wollerau f 2,1
gaudy von rapperschweil,1
aeblin hr iselin von glarus f 4,1
martin herrmann von anfpach f 2,1
schmid aon conftanz,1
busse de châlons,1
ermenyaud de moulins,1
jacob naſt von heilbrunn f 2,1
mr andré caffa j f 3 de milan,1
andreas knöpfler von fryburg,1
landrichter wyler von rikenbach,1
undervogt eck von riken,1
erb beyde von retteschen,1
gräflich fte fürfprech pfifter hr haubtmann,1
12 landl consl,1
steger famt ehe von rechtenfleg,1
forrer hr rathsherr grob hr stadthaubtm,1
hr landtrath haubtm wirth hr landtsekelmeift,1
joh blum von endigen,1
4 brisgäuer tuchhändler,1
firz von tägerfelden f 2,1
mr von tanne di milano f 2,1
2 französische recroüt,1
händel von bozen,1
jud levi von randegg,1
ulrich graff von wolfhalden,1
ein kutscher von baaden  1 von bubikon,1
guftano von rapperschweil,1
joh heufler rud helbling von buffkirch,1
jodocus willhelm von belzau in bregenzerwald,1
faufter f 2 joh leuttenegger v münchweilen,1
mr andre caffati f 2 de milan,1
mr paffanno de lombard f 2,1
salomon zuber von gaehlingen f 2,1
georg spring von rothweil,1
mathieu de morat,1
bernhard kunnold von engen,1
hr berchtold von stiggen,1
hr gottfried martin aus böhmen f 1,1
2 schaffhauser fuhrleuth,1
3 bernbiether  1 freyämtler,1
leonti lieberheer von utznach,1
rathsherr schakini von thun,1
jacob stäublj von lunkenhoffen f 2,1
gemufeus von basel,1
ulrich frey von willigen f 2,1
sonié mr vergoz de meſch en franchecomté,1
hurter von schaffhauſen,1
hr michael kern von bamberg ſ 3 muſ,1
dominico pizzala de mylan,1
mr andré caſſatj ſ 3 de milan,1
chriſtina hauſſerin von tuttlingen,1
probst de bielf f 2 mad blasius de rastatt,1
hr gücinger von bischofszell,1
caspar menglj von schaffhausen,1
maria hafsler von al ftetten,1
reich von ebmat f 2,1
joh meyer aus hungarn f 2,1
hr laurenz huber von boffweil f 4,1
3 pilger,1
hr groffmann von augsburg,1
ein piemontesischer soldat,1
elmer von glarus,1
lieut rigelo hr freuler von uznach,1
benedict ochsner von einfidlen,1
david gottlieb von anſpach ſ 4,1
michael kern von bamberg ſ 5 muſ,1
hr mich winckler v schlettingen ſ 3,1
cath monchon de savoye ſ 3,1
wilhelm weibel von be tweil f 2,1
leonhardt franciscaner ordens von conftanz,1
samuel hunziker von chaam,1
fidelj cuſter von schmerikon,1
hr liderj von chur f 2,1
jos kienholzer aus dem schwarzwald,1
hr martin glashändler aus böhmen f 3,1
andreas saxer von sarnenſtorff,1
rudolf rodel von fahrwangen f 2,1
fuchs von rapperſchweil,1
roſina steinerin von balingen,1
anna fätschin von creuzlingen,1
andreas müller aus dem elſaſſ,1
dominico pitzala de milan,1
mr andré caſſati f 3 de milan,1
bernold march dauvergne f 4,1
hr joh merz von kayſersheim f 9,1
joh kuhnz von stettfort f 2,1
jacob eggk von lindau,1
2 turgäuer,1
hauptmann funk von bern,1
9 handw,1
reiny de salein,1
hr martin glashändler aus böhmen ſ 2,1
hr michael kern von bamberg f 3 muſ,1
walser von herisau,1
undervogt hausheer von cham f 2,1
michael kern von bamberg f 3 maj,1
14 schwaben 4 landl,1
mr andré cassatj f 2 de milan,1
14 schwaben 5 landl 4 handw,1
2 handw 4 landl 40 schwaben,1
hr aller von rheinach f 2,1
8 schwab 6 landl,1
cruchj de mylan,1
fr fofterin von schaffhaufen,1
mr andrè caffatj ſ 2 de milan,1
hr grossmann von augsburg,1
4 schwaben 2 handw,1
probft von bieff mad blafius von raftatt,1
mr bastard de strafsburg,1
1 schmeriker schiffmann,1
küenhold von nürnberg,1
michael kern von bamberg f 3 muff,1
ackerer von nussbaumen f 2,1
jacob baechler von egelshoffen f 2,1
jacob tallmann von lachen,1
3 schwaben,1
riedel von isrlohn,1
michael girtaner f 5 von st gallen,1
1 pilger,1
hr waldvogel von neukirch,1
hr grob von wattweil,1
hartmann von schefftenau f 2,1
chom  comp von glarus f 9,1
hr anton schmid von hitzkirch,1
peter höffliger von rapperſchweil,1
anton meyer von lucern f 3,1
joh diethelm von sibnen,1
laager hr chaim f 7 von glaru,1
hardtman von lenzburg,1
michael kern von bamberg f 3 muſi,1
hr unterv müller von schmerikon,1
georg witt von gebiltorf,1
mr andré caſſatj f 2 de milan,1
xaverj andreiſſy von steiffingen f 5 muſi,1
6 landl 4 handw,1
ein gerwer von immenstadt,1
peter iffer von wollen f 2 3 handw,1
hr ehren  gefandter pfifter von schaffhaufen,1
joh schnelj aus dem elsaß 7 landl,1
hugenin aelter von müllhaufen,1
weiſſ von offenheim,1
2 handw 6 landl 2 schwaben,1
6 zurzacher fuhrzacher,1
mr graechj di milano mar krieg v lachen f 3,1
schmidin von sursee,1
pater paulus franciscaner von constanz,1
kraufs virtios von ulm,1
steger von lichtenberg,1
bertrand v bischwegter,1
dalin von monjoge hr faber v mörseburg,1
oberlieut v merignan beyde v constanz,1
joh natter von langenrikenbach f 2,1
3 landl 2 handw,1
schärrer hr schweizer von peterszell f 4,1
mr simon cros de savoye mr volpilier de savoye,1
marx wart  comp von glarus,1
3 handw 5 landl,1
rizh mr beteretti di chiavenna f 8,1
zrildr v frutigen ulrich wildj v schaffisheim,1
1 landl 2 handw,1
aloysius heckli von schweiz,1
barb binder v thal,1
hr landrichter keffelring v märstetten f 3,1
hr wagmeister gysler v urj 5 landl,1
holtwey und frau von frankführt,1
bethmann von frankführt,1
landvogt tanner und,1
verena näffin von ebmat,1
bell von lucern,1
michael kern von bamberg f 3 music,1
baron  comp von augspurg,1
sandtner aus tyrol f 2,1
ein stadtläuffer von lenzburg,1
carl anton tuchettij di verona f 2,1
joseph anton maino de strafsburg,1
hein bopp von remingen,1
joh gallettij von glarus,1
mr cracclij di milan,1
cherbet von schafisheim,1
hr joseph mooser von hizkirch f 6,1
1 handw 5 landl,1
hr zobel von stuttgardt f 2,1
jof eggetschweiler von wangen,1
bell von lucerr aeberli von lachen f 6,1
2 handw 5 landl 2 schwaben,1
joh hombel von spongen,1
ant scharr aus amberg in bayern f 2,1
hr kefselring von märstetten f 2,1
hr rathsherr lagger f 8 v glarus,1
steinegger v lachen källin von einsidlen f 3,1
blum von fusach,1
mossu de troyes hr rudolph von zurzach,1
nussbaumer v ober egeri f 3,1
doctor gruber von gaiis f 2,1
hölslj von bärnbach 6 landl,1
barbara büritzellj von ober embs,1
mr charles centrier aus dem wirtenberg,1
pizzela de milan 1 schwaben fuhrmann,1
saurdtner aus tyrol,1
fürstl ch keller v sarmensdorff f 3,1
martin brenner von weinfelden  6 landl,1
adam schillmann von brudenz f 4,1
wenk hr zurcher von basel,1
moffa de troyes,1
ant gafsner von schindenlegi f 3,1
joanne de versailles,1
mr desousfecret de lyon,1
hr joh grob von liechtensteg,1
2 risgäuer buchhändler,1
anton barretti de milan,1
ein französischer soldat,1
mr gerombert dutznacht mr morell de savoye,1
daniel ernst von arau,1
hr joh nännj von herisau 2 landl,1
hbm fischer v bern hr dahn von monjoge,1
oberflyeo v witzigman beyde v constanz,1
passavant hr stähelin hr keller von basel,1
meuron de neuchatel,1
hr anton lüttold von bürren f 4,1
leonardo genaro von langenfee,1
hoguer de versailles hr meismer v rheineck f 2,1
jacob meyer von gehweil,1
straub von st gallen,1
tschudy hr wart von glarus,1
undervogt hugg von ramfthen,1
ulrich binder v rheinegg f 2 kehrli v schänaü,1
marie koch von berikon 2 schwaben,1
6 schwaben 7 landl,1
mr pizzala f 3 mr caffati de milan,1
2 landl 2 schwaben,1
rud völkli v schaffisheim 10 landl,1
1 kutscher v baaden 4 handw 2 schwaben,1
hr looser v wattweil f 2 thürry v herisau,1
jacob wehrly von langendorff,1
steger v lichtensteg hr gözi v underdäzen,1
hr ant mechel v altendorf custer v schmerikon,1
sächy de bellentz,1
3 flaweiler  1 lucerner fuhrmann,1
schultheis curty von rapperschwell,1
grimm  comp de soleure,1
lager hr winteler hr jenni von glarus,1
major convers de neufchatel,1
mr jean parade dauvergne f 3,1
mr christoff rocasly di bergamo f 4,1
ein postilion von waldtshut,1
2 oelhändler von rietlingen,1
fr mathias sandtner aus tyrol,1
forrer von winterthur,1
noel corbassier dauvergne,1
dromu de geneve,1
menoth de strafsburg,1
2 brisgäuer tuchhändler,1
meyer von lucern,1
hr franz anton widmer von eschenbach f 2,1
tschudy hr schindler hr hefty v glarus,1
3 handw 6 landl 2 schwaben,1
joseph sesiamno von langensee f 2,1
1 handw 9 landl,1
seraphina ringwaldin von carlsruh,1
hr meyer von esslingen,1
albertis von arbon,1
fespinger von basel,1
melchior martj von othmarſingen,1
gebrüder zum stein von stockach,1
5 leipziger fuhrleuth,1
ein kutfcher voc waldfhut,1
mr chriſtoff caſſe di bergamo f 4,1
joachim oetlj von luttorff,1
5 hilzinger muſicanten,1
ein appenzeller f 2,1
hr nicolaus lager u peter martin v glarus,1
joh rup von sargans,1
hr dappeler von tagerfelden f 3,1
friederich sattler von kirchheim,1
landvogt stähelin von näfels,1
joh könig von gebiftorff,1
jofeph pfand aus tyrol,1
meyrett von einfidlen,1
barth barretti dintra f 2,1
mr chriftoff caffe di bergamo f 4,1
weybel von lichtenfteg,1
antoine miffana von pefflingen,1
5 hitzinger mufi anten,1
reſpinger von basal,1
oswald weber von merzigen,1
fried schan von unterwalden,1
hr pfeffel von glarus f 2,1
lehn vogt burger von murj,1
sekelmeister mayer    hr rathsherr roschac,1
calandre    mr alzari de milan f 2,1
leonti lieberheer von goldingen,1
chrift kübler von reichenburg f 3,1
ant schättin von lachen,1
ant pfister von rothweil f 2,1
jgnatj straup von kirchzarg f 2,1
pürrer von rapperschweil,1
ant imhoof franz koch v bremgarten,1
ant muet von ammen,1
stadtricher vogler von frauenfeld,1
riedel von jserlohn,1
samuel flohr von kulm,1
andreas morsbrugger von bregenz,1
beß mr bridges anglois,1
hr hefftj von glarus f 2,1
conrad oechslj von schafhausen,1
dominico pirzzala de milan,1
hr joh bofshardt von zug,1
math aegerli von paßenweil f 3,1
3 landl 6 handw,1
4 handw 7 landl 9 schwaben,1
johann peter battian von augstahl,1
mr françois mondé de savoye,1
37 schwaben 2 landl,1
hr ignatius meyerhans von düettel,1
4 schwaben 4 landl,1
rütty von dieffenhoffen,1
statthalter müller von esch,1
de saufsure sämtliche de lausanne,1
secretan mr de brenler mr de crousaz,1
joh fischer von brinz f 2,1
sek imeister mayer hr rathsherr roschach,1
hr keusch von merischwanden,1
gotthard marck von ludwigsburg f 2,1
jacob meyer aus dem müenthal,1
wetzel von baaden,1
rothenburg aus dem wirtenberg,1
mr françois mondè dauvergne,1
eine frau aus dem toggenburg,1
sekelmeister mayer hr rathsherr roschach,1
2 frauen von lenzburg,1
frau elisabetha rieggl von eschenbach f 2,1
b von arbon,1
4 handw 3 landl,1
zulauff von brugg 7 landl,1
casp ehrismann von biel,1
jefr guttin von baaden 2 schwaben,1
haubtm bär v rosenthal in kayf diensten,1
hr jacob ulrich von waltehingen,1
freuler v glarus f 4 hr diethelm v lache,1
mr desouslaeret de lyon,1
doctor hubert von gails,1
joh schmid von hizkirch f 2,1
jacob hartmann von wattweil,1
3 brisgauer tuchhändler,1
jac meyer von errendingen f 2,1
perrola de savoye,1
hartmann von nürnberg     4 landl,1
brämj von rapperschweil,1
joh dirringer von algaü 8 landl,1
bodmer von wälflingen,1
baron tschudj von zarzach,1
hr kieser von lenzburg 10 landl,1
bannhard küchler von murj 2 handw,1
elisab kellerin von rikenbach f 2 2 schwab,1
chorli steinmann von stokach 2 pilger,1
vit schmid v büblikon 11 schwaben,1
11 schwaben 10 landl,1
krauß virtuos von ulm,1
hr lang aus sachsen 7 schwaben,1
stadtschreiber sultzer hr amtmann hegner,1
doctor gruber von gaiß,1
adam fischler von dieffenhoffen,1
däppeler von tägerfolden f 3,1
georg egloff von tägerweilen 3 landl,1
haas v hornberg hr bruder v ratstatt,1
christ streff von duttlingen f 2,1
georg schlatter von fillingen f 3,1
mr morell de savoye hr berchtold aus tyrol,1
hr david bachmann von stettfort f 2,1
1 holländischer soldat 14 landl,1
ulrich schweitzer von ebm f,1
major tschudj von glarus,1
probit d lyon hr sandtner aus tyrol,1
4 handw 3 landl 3 schwaben,1
1 kutscher von müllhausen,1
frz enteler v schweiz hr schnell v waltsen,1
2 schwaben 2 landl,1
rosina wäldin von stetten,1
müller pofter von wurmspach 14 landl,1
hr auguſtin steiner aus tyrol,1
jean biſſa di bergamo f 2,1
amb auſelmalz von tübingen,1
ruprecht widmer von sarnentorff,1
loyer von colmar f 2,1
spiegel von rapperſchweil,1
madm bürgj  1 poftillion von waldtshut,1
marg schindler von glarus,1
mr forell de geneve,1
jacob meyer aus dem muenthal,1
hr freuter von glarus f4,1
1 franzöfischer sergent  2 recrouten,1
pierre silahl de cleven,1
hr schäfer aus böhmer,1
joh schnell aus dem schwaben land f 7,1
hr prix aus böhmen f 2,1
singer von stein        3 landl,1
peter von feurthalen,1
hr kreich v tubingen musicus,1
laver von colmar f 2,1
lutz    hr fehr von bern,1
landfchreiber stedler von lentzburg,1
hr landfchreiber jenner aus dem freyamt,1
ein flaweller fuhrmann,1
hr pfau v schaffhausen f 2     7 schwaben,1
langlade de lyon     hr göde v tuttlingdn,1
doctor hubert von gais,1
jacob basler von steckboren,1
6 landl 1 handw,1
hr müllibach von tägerfelden f 3,1
4 landl 1 schwab,1
frz jof kauffmann von fullenbach,1
widder v gottlieben,1
zohlm baur von donauefchingen f 3,1
jofeph befoignez dauvergne f 2,1
tſchudj von glarus,1
neuffer von leutkirch,1
labhardt von kauffbayern,1
allemande in sardinifchen dienften,1
gaffner volontaire fämtliche vom regim royal,1
hauptmann khuon hr lieutenant khuon,1
layer von colmar f 2,1
spiegel von rapperfchweil,1
mr borell de geneve,1
vit schmid v bühlikon,1
jean bila di bergamo f 2,1
jof enz von batzenheit,1
miller von lindau,1
ognibene mr cassa piccola di pergine,1
kraus virtuos von ulm,1
joseph schmid von hizkirch,1
hs ulrich fromherz f 2,1
hr gottfried foster von uetwellen f 5,1
mr wille de grenoble,1
hr keusch von merlschwanden,1
anton mechler von altendorf,1
joseph franz von burgau,1
hr emanuel dirrmann von bern f 2,1
1 holländischer recroute,1
hauptm bar v rothenthal in kayf diensten,1
joh staib aus sachsencoburg,1
salomon wust von anatlchweil f 2,1
jacob pfund von unter allau,1
mela von maynz 2 trägner,1
breyhoffer von kirchberg,1
pizzala von mayland f 4,1
françois monaftere di como,1
doctor gruber von gais f 2,1
10 holländifche recrouten 4 landl,1
aloifi brändli von eschenbach f 2,1
mr baftard de strasburg hr calandre de turin,1
franz xaverj helbling von ichenhausen,1
jof gehnn von kuchenbach,1
hr siebenmann von arau,1
maria theresia feichtinger aus tyrol,1
hr zobler von oberweil,1
sanderer aus tyrol,1
wachtmeister fink in spanischen diensten,1
anton buchs von freiburg,1
hr felix aus bohmen f 2 4 landl,1
1 breisgauer tuchhändler 5 landl,1
faesch von basel,1
ogilbone mr caffa piccola di pergine,1
madm la baronne de betschardt aus der pfaltz f 3,1
hr batzel von salzburg,1
tholon de lyon,1
keller von rheinegg,1
buehl von kayserstuhl,1
addè mr stefs mr michel von mannheim,1
1 handw 2 landl 12 schwaben,1
hegner von winterthur,1
jacob zehnder von dettingen f 2,1
hr ibrix aus böhmer f 2 8 landl,1
4 handw 5 landl 12 schwaben,1
pro memoria von kuffstein,1
3 schwab 3 landl,1
mr baftard de strasburg,1
3 handw 9 landl,1
hr schneelj von glarus,1
chrift müller von hechingen f 3,1
bartholome knöpfler von herisau,1
jkr gonzenbach und frau von st gallen,1
stolterfolt von lübeck,1
lotzfeck von lahr,1
mr desoufecret de lyon,1
fayer muficus aus tyrol f 2,1
pater lechner minorit ord von würzburg,1
franz hengel r von schweitz,1
spiegel muficus von rapperschweil,1
2 handw 9 landl,1
calandré de turin,1
mr bastard de strasburg,1
1 französischer soldat  1 recroût 3 handw,1
hr pfau von winterthur,1
4 handw 8 landl 3 schwaben,1
kreff v solothurn hr widder v gottlieben,1
rudolph rahn von st gallen,1
wilhelm eigenmann von untenhörstetten,1
3 st galler fuhrleuth,1
le freres juanne de versailles,1
uhlmann von angfpurg 6 handw,1
hr samuel müller von lenzburg 10 landl,1
mich hierholzer aus bem schwarzwald,1
jefr lingandria von carlsruh,1
jmhoff v bremgarten hr müller v bruchsal,1
leonhard nufer von stuttgardt,1
hr joh peter jofs von ragaz,1
jæger von glarus f 2,1
hr jacob clement von regenfpurg f 2,1
joh rauch von landau,1
sebaft hunziker von leimbach,1
calandre de turin,1
johann chriftian laugner aus sachsen,1
ognibene mr calla piccola di pergine,1
stof erfoht von lübeck,1
1 pilger 1 landmann,1
mr desousfeeret de lyon,1
bayer muficus aus tyrol f 2,1
fuhr von frauenfeld,1
loctor gruber von gaifs f 2,1
hr jesaias dilsheim von würtzburgf 3,1
hr jacob leo von mellingen,1
jofeph von moos von lucern,1
jof hudel von bremgarten f 2,1
jacob riner von zurzach f 2,1
boxler von utznach,1
6 zurzacher fuhrleuth,1
dorrer von baaden f 2,1
legler von glarus 16 pilger,1
5 landl 1 handw,1
hr martin aus böhmen 2 handw,1
jos bek von augstahl,1
hr gebrüdere zum stein v augstahl,1
hr vit schmid von bärdikon,1
hr joh letsch von ebingen,1
heitz von glarus,1
ein holländischer soldat  3 recrouten,1
joh mariqua von lenzen,1
faffame di lugano,1
leonti lieberheer von uznach,1
harlacher von brugg,1
ballinger von baaden,1
landvogt reüchly von schweitz,1
ob rift von bachmann vom regm aubonne f 4,1
berta di belgirate  mr son frere,1
hr landhofmftr bar von miller von st gallen,1
hs rudolph rütschj von remikon,1
hr rathsherr düggeler von schüfharfen,1
mr chriſtoff caſti di bergamo f 4,1
cathar razingerin von solothurn,1
claude durot de saroge,1
heinse von düsseldorf,1
hr thomas schmied v gehrweil f 3,1
hunkeller von damersellen,1
mr pierre concorban de barcelonette f 2,1
hr hauptmann schillinger von klingnau f 2,1
ein soldat vom regim kalbermatt in sardinisch diensten,1
1 holländischer sergent  2 recrouten,1
ein holländischer soldat,1
peter marhard von nürnberg,1
hieronimus brunner von wurmfpach,1
fuchs von einfidlen,1
fried bühler von toggeren,1
georg schönholzer von göttikoften,1
frz jos niderberger von unterwalden,1
willhelm tribacher aus tyrol f 2,1
3 klingnauer fuhrleuth,1
vit schmid von bübikon f 2,1
anton brändlj von lachen,1
2 landl 7 handw,1
rikemann famtliche von rapperschweil,1
jacob baltenspühl von zug,1
vincent zink von heiligenberg,1
hr martin aus böhmen     3 handw,1
jacob ruthishauser von guttingen,1
hr winckler v schlettingen f 3,1
beaumont mr curchot mr meuron de geneve,1
oftwald weber von menzigen,1
gfr gutin von baaden,1
schwarzhoff d aubonne,1
fürfprech widmer von sarnentorff f 3,1
hr martin frey von errendingen,1
bifchoff von bafel,1
pater beichtiger aus dem fahr,1
lehnvogt bürger von murj,1
fürfprech widmer von sarnenstorff,1
osswald weiss von zug,1
joseph frey von errendingen,1
martin ehrhardt aus sachsen f 2,1
joh gatto von baaden,1
jacob ruthishauser von göttingen,1
mr dominico pizzala de milan,1
3 schwaben  11 landl  2 handw,1
ein capaunerhändler de belfort,1
fuchatich  mr stephani mufici von prag,1
hr berch old aus tyrol f 2,1
jesajas späth von stettfort,1
isaac schlaginhauffen von kümertshausen,1
1 handw 2 landl 2 schwaben,1
hr belizarj von chur,1
2 tyroler,1
brisgäuer tuchhändler,1
combert de marseille,1
gottlieb klingler von leipzig,1
franz jacob müller von tann,1
r christoff cassi di bergamo f 4,1
hr hartmann von cappel,1
jacob ruthishauser von gättingen,1
r mich winckler v schlettlingen f 3,1
r michael kern von bamberg f 3 musc,1
9 handw 6 landl 8 schwaben,1
bader von grichternberg aus tyrol,1
passanne di lucarno,1
dominico pizzala de milan f 3,1
1 handw 4 landl 9 schwaben,1
6 schwaben 5 landl,1
lumpert aus tyrol federen händler,1
hr haubtm an der matt vom regim aubonne,1
15 schwab 12 landm,1
salomon welty von ulm,1
jacob billinger von wangen f 2,1
hr schellenberg hr goldschmidt von winterthur,1
joachim willi von frauenfeld f 4,1
adam hess von heiderloh,1
hr sebast roth von hetzweil,1
30 pilger 4 handw 4 landl,1
ant schneelmann aus der march,1
1 handw 1 landl,1
ein frankfuhrter fuhrmann f 2,1
oberfft weiff hr lieut zweifel v glarus f 4,1
rikemann ſämtliche von rapperschweil,1
leutlj von tuttlingen f 2,1
hanhardt mr roux de geneve,1
adam hefs von heiderloh,1
hr jacob dowe von lenzburg,1
richlj von schweitz,1
eine frau von sursee f 3,1
hr kuhn hr engler von st gallen,1
ulrich frommherz von gerweil f 2,1
joh münder von müllhausen,1
9 schwaben 3 landl,1
conrad murpach von neukirch,1
le port de freyburg,1
12 schwaben 8 landl 3 handw,1
högger von st gallen hr stählin von reinegg,1
mad de ferrets von brontrut,1
13 schwab 18 landl,1
merkj v mandach hr bütter v ellendorf f 2,1
thodocus wilhelm aus dem bregenzerwald,1
clem oberwilder veronica frankin aus tyrol,1
eggetschweiler von wangen f 2,1
joh bürgy von waldshut 1 schwab,1
kirchhoffer von schaffhausen 1 landl,1
joh mettler von wattweil 22 schwaben,1
kollerin von niederdorf aus tyrol,1
mr françois monde de savoye,1
lüttj von bern 16 schwaben,1
mad probst von biell,1
lieut von flüe vom regiment bocard,1
oberft hr hautbrin paraveinj in holland dienft,1
jos vöglistahler von jonen,1
hr wepfer von dieffenhoffen,1
jacob frey von affeltrangen f 2,1
ulrich früh von mürweil f 4,1
guion von bruchsal,1
forrer von peterszell,1
48 schwaben 2 landl,1
frau marianne saxerin von murj,1
6 landl 3 handw,1
hr berchold aus tyrol f 2,1
caris de modena,1
mylord jocelyn mr le chev newenham anglois,1
2 handw 5 landl 14 schwaben,1
4 schwaben 10 landl,1
2 würtemberger muficanten,1
faffanne di lucarno,1
2 handw 12 landl 17 schwaben,1
franz riedel von bremgarten,1
jos ant toffenbach von zug,1
46 schwaben 2 landl 2 handw,1
jacob munch von teuffenthal,1
samuel boniger von schaffisheim,1
berner comödiendirector von baaden,1
7 schwaben 8 landl,1
hr fridrich rudolf von zurzach,1
1 berngebiether,1
1 holländiſche sergenten,1
colmar de paris,1
wilhelm lamat aus den berngebieth,1
pater beichtiger von wurmſpach,1
hr carl zeskj von kupferberg f 3,1
martin woller von wollen,1
noel corbafsier de savoye,1
8 schwab 3 landl,1
pater aloyfius vogelsang von st urban,1
2 plaweiler fuhrleuth,1
mr deloff von mannheim,1
buttiger von bischoffzell f 2,1
richard de strasbourg,1
7 piemontefische recrouten,1
mr noel corballier de savoye f 2,1
mr falzolla de milan f 2,1
ein capaunenhändler de besançon,1
jos schnellmann von wettingen,1
berchtold aus tyrol f 2,1
tobias gangine von lachen,1
heinrich engel von seengen,1
ott hr luchfinger von glarus,1
3 handw 4 landl,1
leonhard porzaro von langenfee,1
melch von frick f 2,1
16 pilger 6 landl,1
2 schwaben 3 landl,1
jacob weber von cander,1
hr melchior sigerist von seengen f 2,1
luchlinger von glarus f 2,1
pfau v schaffhaus cortenailer von stubach aus tyrol,1
s wegger von lachen f 2,1
6 zürcher fuhrleute 4 handw 2 schwab 5 landl,1
mr vogt hagin von kirchen heinrich scherb von basel,1
hr oelj von birrwingel im thurgäu,1
jgfr elis röthin von keisweilen,1
4 schwaben 3 landl 3 handw,1
hr zulauff von brugg 3 handw 2 schwaben,1
knoll  hr miller von lenzburg,1
hauptm baron v thurn in französi diensten,1
roux  mr gatta de geneve,1
peter chaam caspar weber f 9 von glarus,1
caspar grüniger von lachen f 2,1
mr chriftoff cafte di bergamo f 4,1
6 pilger 8 landl,1
johannes müller von rekingen f 2,1
hr joseph kauffmann von maynz,1
hr bachmann v stettfort sam berger von bern,1
beyde von arbou,1
ein französischer recreut,1
hr imson aus tyrol hr schilling von uri f 2,1
schnell von zoffingen f 2,1
hr oberist baron v thurn in spanischen diensten,1
1 schwab    4 landm,1
elisab senn von baaden,1
43 schwaben  4 landl  2 handw,1
jgfr seraph blumerin von lindau,1
2 mann von lucern         4 schwaben,1
9 recrouten vom franzöfl schweitzer regiment,1
bohne de bienne hr merk von ravenspurg,1
schneider cathol geistl von wartensee,1
roschet von basel hr piccard de chalon,1
mr frattelli stephani di chiavenna f 2,1
hr joh bollinger von berringen,1
hr meyer von eisslingen,1
baron kreis baron von holzschuher,1
mittelholzer hr binder u frau von st gallen,1
hr joh wey von villmergen f 2,1
hr ulrich metzger von affeltrangen f 3,1
knoll von lenzburg,1
de planto officier de caval in königl franz dienst,1
wegner v constanz pater august von werthenheim,1
jgfr anna lunzin v rheinegg jgfr nadi von sargans,1
jac schmid v zaarh 3 schwab 2 handw 2 landl,1
1 berner 1 kanstadter 1 schaffhauser kutscher,1
samuel mathis von körlikon f 3,1
stannauer von einfidlen,1
martj von glarus,1
mr christoff casse di bergamo s 4,1
mr efmenjaud de moulins f 2,1
1 schwab 1 landm,1
de vernenoux de paris,1
2 handw 9 landl 13 schwaben,1
38 schwaben 4 landl 4 handw,1
gallier commiffaire général de paris,1
heinrich sautter von hoob,1
ryhener von basel,1
barossio de mendris,1
schindler von glarus,1
vom regim boccard in französischen diensten,1
hr hauptm von flüe hr lieuten von flüe beyde,1
joh schmid von hizkirch,1
caspar bollinger von schaffhausen,1
hr sekelmeister hauser von näfels f 2,1
jacob hüpli von wengi    4 landl,1
mr jean barade dauvergne,1
ein kutscher von basel,1
georg schärfel aus bayern f 3,1
noel dauvergne,1
hr weinman aus bayern f 4,1
mr regina di lugano,1
laurenz drüschler von st bläsi,1
jacob wiedlispach von wollen f 2,1
6 hilzinger musicanten,1
buss von rheinegg,1
jkr spitahl  herr schuhmacher und frau,1
schütle von sultz am neckar,1
schweitzer jkr mahler famtl von lucern,1
joh thomann aus dem schwarzwald,1
hr zwilÿ von glarus,1
ein stadtläuffer von liechtensteg f 2,1
zobler von oberweil,1
georg dietrich von basel,1
sämtliche von basel,1
respinger hr roschet hr merian hr rocher,1
forschner von liechtenstieg,1
graemer von mellingen,1
schirley anglois,1
jean barade dauvergne,1
1 berner 1 bamberger kutfcher,1
caspar willj von hizkirch,1
2 landl 5 handw 1 pilger,1
hs georg knupp von amrischweil,1
ant muetter von rheinau,1
jgfr dorothea felberin von trieboldingen,1
9 landl 3 handw,1
berta di belgrate,1
diethelm von lachen f 4,1
melchior ferner von aelen,1
16 schwaben 4 landl,1
eberwein von wettichen,1
hausheer von chaam,1
hr michael kern von bamberg f 3 musc,1
6 schwab 4 landm,1
laurenz sundheimer von reitenbach,1
tägerfelder von brugg,1
locher v feidenberg f 2,1
efmenjaud de moulins f 2,1
krauss hr baur von wienn,1
wild von amsterdam,1
nr gigot de neufchatel,1
beaumont mr corboz mr sautter de geneve,1
emanuel weibel von basel,1
georg seiler von conftanz,1
boutton de lyon,1
2 salz fuhrmann von klingnau,1
blafius frey von errendingen,1
schalch von schaffhausen,1
16 schwaben 5 landl 2 handw,1
hr mathias motz von memmingen,1
meyer von eslingen,1
carl eſſbich aus sachsen,1
thaddäus huber von geerweil,1
joh georg meyer von mühlenrütj,1
ein kutscher von frauenfeld,1
mr dominico pitzzala de milan,1
jacob eichenberger von brugg,1
hr jacob marx von basel,1
ein capaunenhändler de belfort,1
8 handw,1
firtz von tägerfelden f 2,1
sigmund hauser von speichingen,1
trutmann von schweiz,1
jac hilzinger von gachlingen 5 landleutb,1
math schoop aus dem margraffenland,1
ir michael kern von bamberg f 3 muße,1
cundert v glarus jac horb von colmar f 2,1
hr martin aus böhmen 3 handw,1
3 schwaben 7 landl,1
däppeler von tägerfelden f 3,1
mr jean zamponi  mr ant baretti de milan f 3,1
madm bolquier von ludwigsburg,1
jean burat di noiaretta f 2,1
widal confiseur de grison,1
lochoret  comp de brigue en vallais á 12,1
däppeler von tägerfelden f 2,1
noel corballier de savoye,1
mr rivier     mr demikelis de turin,1
schnell von stuttgardt,1
leonhard fornaro von landeron,1
heinrich scherb von bafel,1
franz miller von kirchheim f 2,1
andr schirmer von frikingen,1
4 schwaben,1
meyer von eflingen,1
piccard de chalon,1
roschet hr merian von basel,1
hr haubtmann bühl conrad schmid von stein,1
werner von ebingen f 3,1
anton reichmann von cappel,1
mn morell de savoye    3 landl,1
alexander häberli von flurlingen f 2,1
2 pilger 2 landl,1
cafpar barthme von gehrweil,1
14 schwaben    6 landl,1
langer  comp von glarus f 4,1
adam ehrismann von ruth,1
mr pitzala  mr cattati de milan f 2,1
hr mich winckler v schlettingen f 2,1
philipp beck von niderhungarn,1
elgas aus dem allgäu,1
blafeck von senitz aus ungarn,1
haubtm pelletz in preußischen diensten,1
hr wepfer von diessenhoffen f 3,1
hr jacob weltschi von gränigen,1
amann peter von dusslingen,1
nägeli von rapperschweil,1
stephan albesino dintra f 3,1
hr abraham wehrj von schaffishein,1
pfr selmater von oberbipp,1
mr ambuffo  comp di chiavenna f 6,1
1 strassburger   1 lucerner fuhrmann,1
schwanen 3 landl,1
mazloff hr gall von strafsburg,1
corboz de geneve mr patinoz de barleduc,1
heitz   hr trümpj von glarus,1
georg meyer von müllenrütj im toggenburg,1
de vermenoux mr bernier mr neyville de paris,1
2 fuhrmann aus dem schwabenland,1
hr joh sprenger von vogtschloh im toggenburg,1
jean veuilpiller de savoye f 4,1
